0,Isagi Yoichi,Textures/Chara/S__113319942
1,Bachira Meguru,Textures/Chara/S__113319944
2,Chigiri Hyouma,Textures/Chara/S__113319953
3,Raichi Jingo,Textures/Chara/S__113319967
4,Gagamaru Gin,Textures/Chara/S__113319945
5,Barou Shouei,Textures/Chara/S__113319963
6,Mikage Reo,Textures/Chara/S__113319946
7,Nagi Seishiro,Textures/Chara/S__113319947
8,Yukimiya Kenyuu,Textures/Chara/S__113319948
9,Kunigami Rensuke,Textures/Chara/S__113319949
10,Karasu Tabito,Textures/Chara/S__113319950
11,Otoya Eita,Textures/Chara/S__113319951
12,Kurona Ranze,Textures/Chara/S__113319952
13,Orva Aiku,Textures/Chara/S__113319955
14,Tokimitsu Aoshi,Textures/Chara/S__113319956
15,Ariyu Jyubei,Textures/Chara/S__113319957
16,Shidou Ryusei,Textures/Chara/S__113319958
17,Ego Jinpachi,Textures/Chara/S__113319958
18,Teieri Anri,Textures/Chara/S__113319960
19,Alexis Ness,Textures/Chara/S__113319961
20,Michael Kaiser,Textures/Chara/S__113319961
21,Itoshi Rin,Textures/Chara/S__113319964
22,Itoshi Sae,Textures/Chara/S__113319966
23,,
24,,
25,,
26,,
27,,
28,,
29,,
30,,
31,,
